User,The Gorge,The Brutalist,The Monkey,Captain America: Brave New World,Nosferatu,Anora
Khabib,0.6708203932499365,-0.44721359549995837,0.6708203932499365,0.6708203932499365,-1.5652475842498532,
Ronald,-0.730296743340222,1.0954451150103315,1.0954451150103315,-0.730296743340222,,-0.730296743340222
Demetrious,1.414213562373095,0.0,0.0,,0.0,-1.414213562373095
Zonica,-0.2214037213850242,1.1070186069251187,-0.2214037213850242,1.1070186069251187,-1.5498260496951672,-0.2214037213850242
Kratos,1.1070186069251187,-0.2214037213850242,1.1070186069251187,-0.2214037213850242,-0.2214037213850242,-1.5498260496951672
